,week,polarity,subjectivity,close,lda_topic,rolling_polarity,rolling_subjectivity,close_minus_1,close_plus_1
0,2007-01-01,0.06654936461388074,0.34821114369501466,60.44,10,,,,77.64
1,2007-10-01,0.031020202020202017,0.4378398268398269,77.64,0,,,60.44,76.58
2,2007-10-08,0.009713724184312413,0.4833842399430635,76.58,0,,,77.64,82.75
3,2007-10-15,0.07011561297139564,0.5406320355516667,82.75,0,,,76.58,83.27
4,2007-10-22,0.06828074909066423,0.492110659312409,83.27,5,,,82.75,90.32
5,2007-10-29,0.016136220973883342,0.4657406873779786,90.32,0,,,83.27,90.49
6,2007-11-05,-0.046576354679802964,0.525927750410509,90.49,10,,,90.32,91.98
7,2007-11-12,0.1237483530961792,0.45029644268774704,91.98,5,,,90.49,92.28
8,2007-11-19,0.0025203089620085485,0.5929387641959929,92.28,6,,,91.98,89.8
9,2007-12-03,0.05049207940752057,0.5053402061582208,89.8,7,0.039200026064024375,0.4842421756172429,92.28,88.04
10,2007-12-10,0.06680821152987645,0.4484060919126037,88.04,0,0.03922591075562395,0.4942616704390018,89.8,90.12
11,2007-12-17,-0.022509674668765592,0.4818214067077704,90.12,0,0.033872923086727194,0.4986598284257962,88.04,92.7
12,2007-12-24,0.039401709401709416,0.4962820512820512,92.7,0,0.03684172160846689,0.499949609559695,90.12,97.84
13,2008-01-07,0.04792295481964827,0.4517544266223596,97.84,5,0.03462245579329215,0.4910618486667643,92.7,94.39
14,2008-01-14,0.03912411789124117,0.3566840693553023,94.39,10,0.03170679267334985,0.4775191896710536,97.84,91.38
15,2008-02-04,0.03665671183276818,0.4929651920849103,91.38,7,0.03375884175923833,0.4802416401417468,94.39,90.47
16,2008-02-11,0.06251660622621921,0.4813034135088161,90.47,5,0.044668137849840535,0.4757792064515775,91.38,93.53
17,2008-02-18,-0.009337797619047615,0.5045014880952379,93.53,0,0.03135952277831786,0.4811997109923266,90.47,97.69
18,2008-03-03,0.1016331001038982,0.4763953882185343,97.69,5,0.04127080189250683,0.4695453733945807,93.53,100.48
19,2008-03-10,0.06210714285714285,0.6306904761904761,100.48,10,0.04243230823746905,0.4820804003978062,97.69,104.16
20,2008-03-17,-0.05183484236115817,0.4974150340817008,104.16,0,0.030568002848365593,0.486981294614716,100.48,105.56
21,2008-03-24,0.005598437202210784,0.40627501429388224,105.56,3,0.03337881403546323,0.4794266553733271,104.16,100.3
22,2008-04-07,0.10636333362313656,0.43457399185737744,100.3,5,0.04007497645760594,0.4732558494308597,105.56,107.14
23,2008-04-14,0.07173518636430726,0.43691599609182025,107.14,6,0.04245619961207185,0.4717720063778058,100.3,109.84
24,2008-04-21,0.055663346940473514,0.4941351621285883,109.84,5,0.044110122516995066,0.4855171156551344,107.14,114.43
25,2008-04-28,0.04847679648644409,0.4528436381627101,114.43,5,0.04529213098236266,0.4815049602629144,109.84,116.74
26,2008-05-05,0.05038200918804895,0.5220124472150828,116.74,6,0.04407867127854563,0.485575863633541,114.43,117.99
27,2008-05-12,0.07939141929307705,0.4936136501854079,117.99,5,0.0529515929697581,0.48448707984255796,116.74,122.91
28,2008-05-19,-0.0026511173202058693,0.4306050926492926,122.91,0,0.042523171227347695,0.4799080502856338,117.99,125.06
29,2008-05-26,0.08584757220499772,0.4938750417694199,125.06,5,0.044897214162133166,0.4662265068435282,122.91,132.37
30,2008-06-02,0.02508905631832099,0.4872239275448242,132.37,0,0.052589604030081095,0.4652073961898405,125.06,128.02
31,2008-06-09,0.08383432723371217,0.4612562652311406,128.02,0,0.060413193033231234,0.4707055212835664,132.37,133.91
32,2008-06-16,0.03751020662315609,0.4528949239745289,133.91,5,0.05352788033323319,0.4725376144952815,128.02,133.72
33,2008-06-23,0.05902595717694635,0.4144169256406097,133.72,0,0.052256957414497096,0.4702877074501604,133.91,135.91
34,2008-06-30,0.07648929628043924,0.4304449149966731,135.91,0,0.05433955234849367,0.4639186827369688,133.72,139.83
35,2008-07-07,0.08971351697997097,0.4684056354465091,139.83,0,0.05846322439784636,0.4654748824653488,135.91,141.87
36,2008-07-14,0.0829177901719971,0.4599397362136213,141.87,0,0.06171680249624116,0.4592676113652026,139.83,143.92
37,2008-07-21,0.03560515870629389,0.4632382651938896,143.92,5,0.057338176437562866,0.4562300728660508,141.87,132.61
38,2008-07-28,0.07479255341791048,0.4432412062940662,132.61,6,0.06508254351137449,0.4574936842305281,143.92,125.84
39,2008-08-04,0.05216026644060608,0.4608766321727473,125.84,5,0.06171381293493532,0.4541938432708608,132.61,120.68
40,2008-08-11,0.07880625485217617,0.4582456703214093,120.68,5,0.06708553278832084,0.4512960175485193,125.84,112.67
41,2008-08-18,0.02836209107108214,0.4643459592648005,112.67,5,0.06153830917205784,0.4516049869518853,120.68,111.94
42,2008-08-25,0.08810934713786,0.4855611862578944,111.94,6,0.06659822322352824,0.4548716131802218,112.67,114.03
43,2008-09-01,0.09059870251376136,0.4658261534128086,114.03,6,0.06975549775720973,0.4600125359574418,111.94,109.41
44,2008-09-08,0.08941229236412024,0.4620765997125005,109.41,0,0.07104779736557784,0.4631757044290246,114.03,103.44
45,2008-09-15,0.01850607632441327,0.4876436941867282,103.44,7,0.06392705330002206,0.4650995103030464,109.41,92.38
46,2008-09-22,0.010247860252374692,0.4726132087455822,92.38,1,0.05666006030805984,0.4663668575562426,103.44,106.04
47,2008-09-29,0.04203029313166508,0.3735155140254128,106.04,10,0.057302573750596934,0.4573945824393949,92.38,93.98
48,2008-10-06,0.05280788918698786,0.4858495348380101,93.98,5,0.05510410732750468,0.4616554152937893,106.04,83.68
49,2008-10-13,0.07627389805437854,0.4467189740636033,83.68,5,0.05751547048888193,0.4602396494828749,93.98,77.46
50,2008-10-20,0.046761711612448686,0.4775921099945744,77.46,5,0.054311016164909166,0.4621742934501914,83.68,72.03
51,2008-10-27,0.04873908245507271,0.4847012207297449,72.03,5,0.05634871530330824,0.4642098195966858,77.46,61.41
52,2008-11-03,0.040669979748449714,0.451476445407265,61.41,5,0.0516047785643672,0.46080134551162294,72.03,60.48
53,2008-11-10,0.07044401609721937,0.4644027801200206,60.48,5,0.049589309922713015,0.4606590081823442,61.41,59.08
54,2008-11-17,0.07477713853204536,0.4244651125973175,59.08,6,0.048125794539505516,0.4568978594708259,60.48,52.31
55,2008-11-24,0.0810201340351016,0.4781973906180515,52.31,1,0.054377200310574365,0.4559532291139583,59.08,53.93
56,2008-12-01,0.056903624445720814,0.4839255857143496,53.93,5,0.05904277672990897,0.4570844668108349,52.31,47.97
57,2008-12-08,0.08196631281113413,0.4843217686613742,47.97,0,0.06303637869785587,0.468165092274431,53.93,43.42
58,2008-12-15,0.006115619378099446,0.490957483111762,43.42,4,0.058367151716967026,0.4686758871018062,47.97,44.6
59,2008-12-22,0.06512460029580767,0.4652098192435019,44.6,0,0.05725222194110995,0.4705249716197962,43.42,41.45
60,2008-12-29,0.03882423157856377,0.4819830756541844,41.45,4,0.05645847393772145,0.4709640681857572,44.6,46.91
61,2009-01-05,-0.029232804232804232,0.3617228835978836,46.91,7,0.04866128526893376,0.458666234472571,41.45,49.62
62,2009-01-12,0.07481099927633701,0.4494738855578136,49.62,5,0.05207538722172249,0.4584659784876258,46.91,42.91
63,2009-01-19,0.04491326694598729,0.4560493026455566,42.91,0,0.04952231230659928,0.4576306307401794,49.62,44.5
64,2009-01-26,0.036235084639159455,0.458651572049623,44.5,0,0.045668106917310686,0.4610492766854099,42.91,46.96
65,2009-02-02,0.07714191963491883,0.4583441198968507,46.96,6,0.04528028547729241,0.4590639496132899,44.5,43.82
66,2009-02-09,0.07840725462301436,0.4781042340163901,43.82,5,0.047430648495021765,0.4584818144434939,46.96,46.02
67,2009-02-16,0.0286304179788698,0.4982097106854517,46.02,6,0.042097059011795335,0.4598706086459017,43.82,43.28
68,2009-02-23,0.06900335961890319,0.4995528827659579,43.28,0,0.0483858330358757,0.4607301486113212,46.02,40.99
69,2009-03-02,0.06433048331242085,0.4884841364060957,40.99,0,0.04830642133753702,0.4630575803275806,43.28,42.21
70,2009-03-09,0.07012858312767851,0.4808744834000719,42.21,5,0.0514368564924485,0.4629467211021693,40.99,44.13
71,2009-03-16,0.08169119610984789,0.4761028620284877,44.13,5,0.06252925652671372,0.4743847189452298,42.21,43.98
72,2009-03-23,0.060931635107255924,0.4315322374432792,43.98,13,0.061141320109805615,0.4725905541337763,44.13,53.47
73,2009-03-30,0.07711039054909613,0.4887853721335652,53.47,0,0.06436103247011649,0.4758641610825771,43.98,47.99
74,2009-04-06,0.08609482667089685,0.4380135551324211,47.99,10,0.06934700667329023,0.473800359390857,53.47,52.24
75,2009-04-13,0.07810451470341939,0.4750684011482717,52.24,5,0.06944326618014028,0.4754727875159989,47.99,52.14
76,2009-04-20,0.06977881919957081,0.4806492601765555,52.14,5,0.06858042263779593,0.4757272901320155,52.24,49.86
77,2009-04-27,0.0632350852956438,0.4838421901696629,49.86,6,0.07204088936947334,0.4742905380804366,52.14,50.32
78,2009-05-04,0.05445574268747794,0.4392445435640793,50.32,6,0.07058612767633081,0.4682597041602488,49.86,54.58
79,2009-05-11,0.08410586886829223,0.5082544141066855,54.58,0,0.07256366623191794,0.4702367319303078,50.32,57.48
80,2009-05-18,0.0808079749922607,0.4520476296592588,57.48,0,0.07363160541837616,0.4673540465562265,54.58,58.47
81,2009-05-25,0.08115242646408538,0.4952589255790458,58.47,5,0.07357772845379991,0.4692696529112824,57.48,60.21
82,2009-06-01,0.04787652516211209,0.4945715404777434,60.21,6,0.07227221745928551,0.4755735832147288,58.47,67.97
83,2009-06-08,0.08402956492608876,0.4564080318444478,67.97,6,0.07296413489698478,0.472335849185817,60.21,67.88
84,2009-06-15,0.04935159781106997,0.4969200367111875,67.88,6,0.0692898120110021,0.4782264973436936,67.97,69.44
85,2009-06-22,0.056450075382064514,0.4795971614618849,69.44,5,0.0671243680788666,0.478679373375055,67.88,66.98
86,2009-06-29,0.0521115743396167,0.4888876506193509,66.98,5,0.06535764359287119,0.4795032124193345,69.44,70.99
87,2009-07-06,0.07576452817532932,0.4515845857698198,70.99,0,0.06661058788083972,0.4762774519793501,66.98,64.05
88,2009-07-13,0.09226484098290873,0.4726893572909218,64.05,0,0.07039149771038282,0.4796219333520344,70.99,60.69
89,2009-07-20,0.03963550108868991,0.4490713053260579,60.69,0,0.0659444609324226,0.4737036224739716,64.05,66.44
90,2009-07-27,0.09184908388507937,0.4978568236105386,66.44,6,0.06704857182170447,0.4782845418690994,60.69,70.81
91,2009-08-03,0.027328580236643026,0.4412396990382755,70.81,5,0.061666187198960234,0.4728826192150225,66.44,73.55
92,2009-08-10,0.07065593704014342,0.4498624490994307,73.55,5,0.06394412838676336,0.4684117100771912,70.81,73.5
93,2009-08-17,0.06387568742000561,0.4811900232877505,73.5,6,0.06192874063615505,0.4708899092215215,73.55,72.37
94,2009-08-24,0.0402462269903487,0.4571008242210004,72.37,5,0.061018203554082925,0.4669079879725028,73.5,74.26
95,2009-08-31,0.05840979447673723,0.4504602634926689,74.26,5,0.0612141754635502,0.4639942981755813,72.37,69.65
96,2009-09-07,0.0428924751806884,0.4812487157114715,69.65,7,0.060292265547657375,0.4632304046847933,74.26,66.53
97,2009-09-14,0.09211218971192324,0.4750937731354424,66.53,5,0.061927031701316776,0.4655813234213556,69.65,67.44
98,2009-09-21,0.042592047044983164,0.4532440098271671,67.44,5,0.056959752307524224,0.46363678867498,66.53,68.69
99,2009-09-28,0.07455176453639965,0.4922940467245175,68.69,5,0.0604513786522952,0.4679590628148261,67.44,65.54
100,2009-10-05,0.10196184669768006,0.4414553988449143,65.54,5,0.06146265493355526,0.4623189203382636,68.69,68.04
101,2009-10-12,0.07645501251550936,0.479055010969164,68.04,5,0.0663752981614419,0.4661004515313524,65.54,71.36
102,2009-10-19,0.06602049322728179,0.4357252052500798,71.36,5,0.06591175378015574,0.4646867271464173,68.04,77.77
103,2009-10-26,0.10517044941945818,0.5095774002135469,77.77,6,0.070041229980101,0.467525464838997,71.36,77.26
104,2009-11-02,0.08532059891704946,0.5017813971912216,77.26,5,0.07454866717277106,0.4719935221360191,77.77,76.55
105,2009-11-09,0.09591950649235284,0.4853656145533349,76.55,0,0.07829963837433263,0.4754840572420857,77.26,77.77
106,2009-11-16,0.08060129001809895,0.5185010095985086,77.77,5,0.08207051985807368,0.4792092866307894,76.55,78.97
107,2009-11-23,0.06536898593367926,0.4433456089843548,78.97,6,0.07939619948024927,0.4760344702156806,77.77,77.46
108,2009-11-30,0.093070597440549,0.4939066748372968,77.46,5,0.08444405451980586,0.4801007367166936,78.97,78.47
109,2009-12-07,0.10313413548537476,0.4822585262892541,78.47,1,0.08730229161470336,0.4790971846731672,77.46,76.43
110,2009-12-14,0.1005968146300018,0.4771559269794672,76.43,5,0.08716578840793554,0.4826672374866226,78.47,71.89
111,2009-12-21,0.1162000144926193,0.4899159140034137,71.89,6,0.09114028860564652,0.4837533277900475,76.43,72.99
112,2009-12-28,0.06719166306641487,0.4541435457196411,72.99,6,0.09125740558955983,0.4855951618370036,71.89,77.32
113,2010-01-04,0.10983419117769026,0.4650028823033428,77.32,6,0.09172377976538304,0.4811377100459832,72.99,80.97
114,2010-01-11,0.08868536935695524,0.4884205746617173,80.97,5,0.09206025680937363,0.4798016277930327,77.32,77.1
115,2010-01-18,0.06741331674625411,0.4695171881469768,77.1,0,0.08920963783476378,0.4782167851523969,80.97,73.69
116,2010-01-25,0.06805901317416899,0.462798085690872,73.69,5,0.08795541015037077,0.4726464927616333,77.1,73.11
117,2010-02-01,0.09783253085245246,0.4946211589060674,73.11,5,0.09120176464224808,0.4777740477538046,73.69,70.11
118,2010-02-08,0.07931406063216669,0.4646337551448307,70.11,5,0.08982611096140987,0.4748467557845579,73.11,72.51
119,2010-02-15,0.09080295439143088,0.4561138095878822,72.51,6,0.08859299285201548,0.4722322841144208,70.11,78.61
120,2010-02-22,0.09822977001821667,0.476147366590476,78.61,5,0.08835628839083698,0.4721314280755217,72.51,76.89
121,2010-03-01,0.11138525458126214,0.4872035378733965,76.89,0,0.08787481239970125,0.47186019046252,78.61,80.47
122,2010-03-08,0.07269893564601798,0.4891507483898394,80.47,5,0.08842553965766156,0.4753609107295398,76.89,77.89
123,2010-03-15,0.07583203053450044,0.4781014251233154,77.89,5,0.08502532359334257,0.4766707650115372,80.47,80.54
124,2010-03-22,0.08298476052889385,0.4661062099626446,80.54,5,0.08445526271053642,0.4744393285416299,77.89,81.17
125,2010-03-29,0.03168880341109867,0.4586979091124673,81.17,5,0.08088281137702089,0.4733574006381789,80.54,85.88
126,2010-04-05,0.0991358535149637,0.4672326418241926,85.88,5,0.08399049541110036,0.4738008562515111,81.17,84.77
127,2010-04-12,0.032330980577753896,0.5043145350036953,84.77,5,0.0774403403836305,0.4747701938612739,85.88,84.23
128,2010-04-19,0.07372417238448327,0.4645428242703231,84.23,5,0.07688135155886215,0.4747611007738232,84.77,86.83
129,2010-04-26,0.1398771040537006,0.5106514660893623,86.83,6,0.08178876652508912,0.4802148664239711,84.23,88.94
130,2010-05-03,0.08318822869383115,0.4866432280926098,88.94,5,0.08028461239265057,0.4812644525741844,86.83,80.12
131,2010-05-10,0.12886432144557472,0.4787896668502274,80.12,0,0.08203251907908182,0.4804230654718675,88.94,74.43
132,2010-05-17,0.09227069626791906,0.5019795090875747,74.43,5,0.08398969514127193,0.4817059415416411,80.12,71.17
133,2010-05-24,0.06724452212718489,0.4717010288926629,71.17,4,0.08313094430054037,0.4810659019185758,74.43,74.65
134,2010-05-31,0.06838350161995763,0.464111796019103,74.65,5,0.08167081840964678,0.4808664605242217,71.17,72.12
135,2010-06-07,0.08487013695658233,0.4737653593434426,72.12,0,0.08698895176419512,0.4823732055473192,74.65,75.2
136,2010-06-14,0.060777909618438014,0.4646492668009487,75.2,0,0.08315315737454257,0.4821148680449948,72.12,78.82
137,2010-06-21,0.07547776614334596,0.5079812343945812,78.82,5,0.08746783593110177,0.4824815379840833,75.2,77.59
138,2010-06-28,0.09621173713102282,0.4792136690416877,77.59,5,0.08971659240575572,0.4839486224612198,78.82,71.47
139,2010-07-05,0.10075211455069698,0.4845819118567978,71.47,0,0.08580409345545538,0.4813416670379634,77.59,74.37
140,2010-07-12,0.07132144425272438,0.4584482862629011,74.37,0,0.08461741501134469,0.4785221728549925,71.47,75.62
141,2010-07-19,0.1081208572602918,0.4751741822181826,75.62,0,0.08254306859281639,0.4781606243917881,74.37,77.5
142,2010-07-26,0.08229092908668678,0.462280933310545,77.5,6,0.08154509187469318,0.474190766814085,75.62,80.82
143,2010-08-02,0.0956713328730706,0.4601679282045912,80.82,0,0.08438777294928174,0.4730374567452778,77.5,80.99
144,2010-08-09,0.055315526092891816,0.4744944424548523,80.99,0,0.08308097539657515,0.4740757213888528,80.82,74.85
145,2010-08-16,0.10865144921771268,0.492237083982727,74.85,5,0.08545910662268819,0.4759228938527812,80.99,73.62
146,2010-08-23,0.05661346842133937,0.4662700482117708,73.62,5,0.08504266250297833,0.4760849719938634,74.85,76.6
147,2010-08-30,0.07838892055313748,0.4864559118316164,76.6,6,0.08533377794395748,0.4739324397375669,73.62,76.87
148,2010-09-06,0.08495949790072828,0.4892420748802056,76.87,0,0.08420855402092803,0.4749352803214187,76.6,79.03
149,2010-09-13,0.15922598199349233,0.4980325814489358,79.03,0,0.09005594076520756,0.4762803472806325,76.87,79.32
150,2010-09-20,0.052109059163824745,0.4609565021543647,79.32,0,0.08813470225631763,0.4765311688697788,79.03,78.57
151,2010-09-27,0.07487853363744623,0.4525890826292494,78.57,0,0.08481046989403304,0.4742726589108856,79.32,83.28
152,2010-10-04,0.09386647444915992,0.4632246382089278,83.28,5,0.08596802443028037,0.4743670294007238,78.57,83.72
153,2010-10-11,0.10437345234229717,0.4696472370794651,83.72,6,0.08683823637720303,0.4753149602882113,83.28,84.37
154,2010-10-18,0.07941015420455128,0.5152577116095697,84.37,5,0.08924769918836897,0.47939128720368296,83.72,83.54
155,2010-10-25,0.08851557190496499,0.4893668486293754,83.54,0,0.08723411145709421,0.4791042636683479,84.37,84.62
156,2010-11-01,0.07887072744970866,0.4755380743462322,84.62,5,0.08945983735993114,0.4800310662817941,83.54,88.46
157,2010-11-08,0.058046423195107125,0.4411770299065601,88.46,0,0.0874255876241281,0.4755031780892885,84.62,86.7
158,2010-11-15,0.0919879789512648,0.4893394820075624,86.7,0,0.08812843572918175,0.4755129188020241,88.46,83.96
159,2010-11-22,0.08054493096997108,0.4961212491683122,83.96,5,0.0802603306268296,0.4753217855739618,86.7,87.34
160,2010-11-29,0.10246225148733454,0.4865625415148839,87.34,0,0.08529564985918059,0.4778823895100137,83.96,91.45
161,2010-12-06,0.09148305069064144,0.4877449333996376,91.45,0,0.08695610156450011,0.4813979745870525,87.34,91.19
162,2010-12-13,0.09543999290262876,0.4644370087297106,91.19,6,0.08711345340984697,0.4815192116391308,91.45,92.74
163,2010-12-20,0.07911000648677595,0.5162826340933683,92.74,0,0.08458710882429485,0.4861827513405211,91.19,93.85
164,2010-12-27,0.01021357777323686,0.473104171396785,93.85,10,0.0776674511811634,0.4819673973192427,92.74,94.84
165,2011-01-03,0.022288729886955638,0.4816448772171631,94.84,0,0.07104476697936248,0.4811952001780215,93.85,95.7
166,2011-01-10,0.10157786863745538,0.4807854698551348,95.7,0,0.07331548109813715,0.4817199397289118,94.84,97.8
167,2011-01-17,0.11085207646831932,0.4428394773631608,97.8,0,0.07859604642545838,0.4818861844745719,95.7,96.61
168,2011-01-24,0.08587367919474287,0.5246556661551559,96.61,5,0.07798461644980617,0.4854178028893313,97.8,101.01
169,2011-01-31,0.08618988486716309,0.4753021624348121,101.01,0,0.07854911183952537,0.4833358942159813,96.61,99.25
170,2011-02-07,0.07839638578180924,0.4504871216494614,99.25,5,0.07614252526897285,0.47972835222943894,101.01,101.64
171,2011-02-14,0.054432171654135365,0.4747059201423812,101.64,5,0.07243743736532224,0.4784244509037133,99.25,105.74
172,2011-02-21,0.10854919744017187,0.4637225412825097,105.74,0,0.07374835781907656,0.4783530041589933,101.64,111.8
173,2011-02-28,0.08748003932669274,0.4359554947874051,111.8,5,0.07458536110306825,0.470320290228397,105.74,115.04
174,2011-03-07,0.09737570652276123,0.482969852374503,115.04,5,0.08330157397802067,0.4713068583261688,111.8,113.67
175,2011-03-14,0.049325562811544064,0.4948696240222482,113.67,6,0.08600525727047953,0.4726293330066773,115.04,114.96
176,2011-03-21,0.046480865561663004,0.472804241467045,114.96,5,0.0804955569629003,0.4718312101678682,113.67,114.8
177,2011-03-28,0.06849024134373362,0.4789095483799491,114.8,7,0.07625937345044173,0.4754382172695471,114.96,121.06
178,2011-04-04,0.0895321727162161,0.468150381973992,121.06,5,0.07662522280258904,0.4697876888514306,114.8,123.98
179,2011-04-11,0.05910241014013611,0.4497282102153925,123.98,4,0.07391647532988635,0.4672302936294887,121.06,121.61
180,2011-04-18,0.09846905676837647,0.4571830810258352,121.61,5,0.07592374242854308,0.4678998895671261,123.98,123.66
181,2011-04-25,0.12424871083265827,0.4896131308066247,123.66,6,0.08290539634639536,0.4693906106335504,121.61,125.12
182,2011-05-02,0.06419850491350923,0.446380816611394,125.12,0,0.0784703270937291,0.4676564381664388,123.66,115.9
183,2011-05-09,0.03431739873984644,0.403898195000252,115.9,5,0.07315406303504446,0.4644507081877236,125.12,112.73
184,2011-05-16,0.08234499032064617,0.44795195304290536,112.73,5,0.07165099141483296,0.4609489182545638,115.9,110.1
185,2011-05-23,0.024064461343122616,0.4157813017337726,110.1,1,0.0691248812679908,0.4530400860257162,112.73,114.68
186,2011-05-30,-0.059591270657447126,0.5068341625694567,114.68,10,0.0585176676460798,0.4564430781359574,110.1,114.48
187,2011-06-06,0.05528410948319416,0.5182205513784459,114.48,6,0.05719705446002585,0.4603741784358072,114.68,119.1
188,2011-06-13,0.07674085148359848,0.4344126084158452,119.1,5,0.05591792233676409,0.4570004010799925,114.48,111.69
189,2011-06-20,0.09040836085167203,0.4877936094933248,111.69,0,0.05904851740791769,0.4608069410077858,119.1,105.99
190,2011-06-27,0.08402365152121945,0.4615176874105733,105.99,5,0.057603976883201985,0.4612404016462596,111.69,117.24
191,2011-07-11,0.09906367894930178,0.4810109374192318,117.24,10,0.05508547369486634,0.4603801823075202,105.99,116.05
192,2011-07-18,0.09829570118837687,0.4695181552786897,116.05,6,0.0584951933223531,0.4626939161742498,117.24,117.94
193,2011-07-25,0.06461844436429769,0.4117512308605768,117.94,6,0.06152529788479823,0.4634792197602822,116.05,116.81
194,2011-08-01,0.04960489828124981,0.4004329070833416,116.81,5,0.05825128868085859,0.4587273151643258,117.94,103.74
195,2011-08-08,0.054459570076989997,0.4726681624743382,103.74,5,0.06129079955424534,0.4644160012383824,116.81,109.91
196,2011-08-15,0.061498851311026975,0.454945344274979,109.91,6,0.07339981175109274,0.4592271194089345,103.74,108.36
197,2011-08-22,0.036029723738330605,0.4650098704025604,108.36,6,0.07147437317660638,0.4539060513113458,109.91,111.88
198,2011-08-29,0.04881394572049884,0.4804860986855058,111.88,6,0.06868168260029643,0.458513400338312,108.36,110.08
199,2011-09-05,0.0816676892676663,0.4787769417420544,110.08,6,0.06780761544189584,0.457611733563185,111.88,112.25
200,2011-09-12,0.056561846650452816,0.4998567734083298,112.25,0,0.06506143495481917,0.4614456421629606,110.08,109.14
201,2011-09-19,-0.017075558417365015,0.44373318906498704,109.14,5,0.0534475112181525,0.4577178673275361,112.25,103.94
202,2011-09-26,0.08008977675840928,0.4592915022719993,103.94,6,0.05162691877515574,0.4566952020268671,109.14,101.71
203,2011-10-03,0.1155961969104486,0.4789082653543068,101.71,0,0.05672469402977084,0.4634109054762402,103.94,108.95
204,2011-10-10,0.06348629601939487,0.4703690259107717,108.95,0,0.05811283380358534,0.4704045173589832,101.71,111.15
205,2011-10-17,0.07144303947841066,0.4542888579615844,111.15,4,0.05981118074372741,0.4685665869077078,108.95,111.45
206,2011-10-24,0.0727282220388345,0.43861616852275104,111.45,0,0.06093411781650816,0.466933669332485,111.15,109.56
207,2011-10-31,0.06326162711422463,0.462467875512928,109.56,6,0.06365730815409756,0.4666794698435218,111.45,114.56
208,2011-11-07,0.02081295892947356,0.4561635215859503,114.56,5,0.06085720947499505,0.4642472121335663,109.56,111.89
209,2011-11-14,0.06756662128319291,0.450334068193382,111.89,6,0.0594471026765477,0.4614029247786992,114.56,106.88
210,2011-11-21,0.04899402117473252,0.43783192538953997,106.88,5,0.058690320128975675,0.4552004399768202,111.89,109.0
211,2011-11-28,0.02272099969851116,0.451071302963545,109.0,6,0.06266997594056327,0.45593425136667604,106.88,109.81
212,2011-12-05,0.04333276822937506,0.4463412606942155,109.81,5,0.05899427508765985,0.4546392272088976,109.0,107.26
213,2011-12-12,0.12376417904521435,0.4614531866635501,107.26,5,0.059811073301136435,0.4528937193398219,109.81,103.64
214,2011-12-19,0.05034428685430972,0.4393327167168784,103.64,0,0.058496872384627925,0.44979008842043255,107.26,109.27
215,2011-12-26,0.04118755593105651,0.4562780871856495,109.27,0,0.055471324029892514,0.44998901134283903,103.64,112.13
216,2012-01-02,0.04114862552122098,0.469526179702275,112.13,5,0.052313364378131166,0.4530800124607914,109.27,112.45
217,2012-01-09,0.10188837954580436,0.4495807172625224,112.45,6,0.05617603962128913,0.4517912966357509,112.13,111.2
218,2012-01-16,0.04349595014101472,0.4465135012535168,111.2,5,0.05844433874244325,0.4508262946025074,112.45,110.58
219,2012-01-23,0.08560704581114505,0.4347389797507213,110.58,4,0.060248381195238475,0.4492667857582414,111.2,110.75
220,2012-01-30,0.07691648306095844,0.4629791214519791,110.75,6,0.06304062738386106,0.4517815053644853,110.58,115.93
221,2012-02-06,0.06428009084909067,0.4535554456665357,115.93,6,0.06719653649891902,0.4520299196347843,110.75,117.93
222,2012-02-13,0.04767732383121517,0.4836101799249171,117.93,4,0.06763099205910303,0.4557568115578545,115.93,120.05
223,2012-02-20,0.0685489789311833,0.4735041839655658,120.05,0,0.062109472047699926,0.456961911288056,117.93,124.17
224,2012-02-27,0.04092724044284588,0.4858745647313309,124.17,5,0.06116776740655354,0.4616160960895013,120.05,123.8
225,2012-03-05,0.0536415765413895,0.4502320706761994,123.8,4,0.062413169467586835,0.4610114944385564,124.17,125.34
226,2012-03-12,0.06567468062149158,0.460689235419347,125.34,6,0.0648657749776139,0.4601278000102636,123.8,125.71
227,2012-03-19,0.04546587214276845,0.4629558654782286,125.71,6,0.05922352423731031,0.4614653148318342,125.34,125.65
228,2012-03-26,0.053403597769196495,0.4571980858925718,125.65,6,0.060214289000128485,0.4625337732957398,125.71,125.43
229,2012-04-02,0.08572531278666327,0.4833861670139818,125.43,7,0.06022611569768031,0.4673984920220658,125.65,122.67
230,2012-04-09,0.06384975885891288,0.4789549700123446,122.67,0,0.05891944327747575,0.4689960768781024,125.43,118.68
231,2012-04-16,0.09410118643077492,0.4662210589270208,118.68,6,0.06190155283564418,0.4702626382041509,122.67,118.71
232,2012-04-23,0.03861793354077108,0.4564209031669725,118.71,4,0.06099561380659976,0.4675437105283565,118.68,119.47
233,2012-04-30,0.061962844671710836,0.459705980233961,119.47,6,0.060337000380652525,0.46616389015519605,118.71,113.16
234,2012-05-07,0.04035729078352845,0.4779518121365605,113.16,7,0.060280005414720776,0.465371614895719,119.47,111.57
235,2012-05-14,0.05334704779048715,0.4857953236652386,111.57,6,0.06025055253963054,0.4689279401946229,113.16,108.81
236,2012-05-21,0.07308143183686727,0.473900935818688,108.81,6,0.06099122766116812,0.470249110234557,111.57,107.11
237,2012-05-28,0.03641962039439146,0.4586641073103042,107.11,0,0.06008660248633042,0.4698199344177646,108.81,98.85
238,2012-06-04,0.07530962036223661,0.4618833153878379,98.85,5,0.06227720474563444,0.4702884573672912,107.11,98.0
239,2012-06-11,0.0647383096023604,0.4640279398217576,98.0,6,0.06017850442720415,0.4683526346480688,98.85,96.05
240,2012-06-18,0.06459213410097278,0.4633619395995764,96.05,6,0.06025274195141014,0.46679333160679204,98.0,91.01
241,2012-06-25,0.04103647162687996,0.4382374621257203,91.01,6,0.05494627047102065,0.463994971926662,96.05,97.34
242,2012-07-02,0.07631946372385509,0.4828266944706758,97.34,5,0.05871642348932905,0.4666355510570322,91.01,100.32
243,2012-07-09,0.03563233457078289,0.4704815095327529,100.32,5,0.05608337247923625,0.4677131039869114,97.34,103.55
244,2012-07-16,0.04556291719932281,0.4482600044118015,103.55,0,0.056603935120815685,0.4647439232144356,100.32,103.26
245,2012-07-23,0.05108700392081083,0.4672921361858948,103.26,5,0.05637793073384805,0.4628936044665012,103.55,106.2
246,2012-07-30,0.035609966824631384,0.4433023176698651,106.2,6,0.05263078423262446,0.4598337426516189,103.26,109.55
247,2012-08-06,0.06484951786880819,0.4567103265948999,109.55,5,0.05547377398006613,0.4596383645800784,106.2,113.6
248,2012-08-13,0.12834454115774285,0.4912390909976814,113.6,6,0.06077726605961675,0.4625739421410627,109.55,113.7
249,2012-08-20,0.055499286360714994,0.4775966891781128,113.7,6,0.05985336373545221,0.4639308170766983,113.6,112.26
250,2012-08-27,0.02556973800175885,0.4058720395187185,112.26,0,0.055951124125530834,0.4581818270686125,113.7,115.78
251,2012-09-03,0.032730674755567936,0.4579622786221289,115.78,4,0.055120544438399616,0.4601543087182534,112.26,114.81
252,2012-09-10,0.08057586154627729,0.5116274549063506,114.81,6,0.05554618422064184,0.4630343847618209,115.78,113.79
253,2012-09-17,0.03126324832477246,0.4318319016470137,113.79,6,0.0551092755960408,0.4591694239732469,114.81,109.81
254,2012-09-24,0.0543652128265448,0.4509622693848634,109.81,6,0.055989505158763,0.45943965047055296,113.79,112.19
255,2012-10-01,0.06594654360904817,0.4450619687150979,112.19,5,0.05747545912758674,0.4572166337234734,109.81,111.82
256,2012-10-08,0.08870156815105391,0.4750499596285495,111.82,5,0.06278461926022899,0.4603913979193418,112.19,115.8
257,2012-10-15,0.0396664056671535,0.4629169229834351,115.8,6,0.060266308040063526,0.4610120575581954,111.82,109.44
258,2012-10-22,0.1026629790847802,0.4892257227555584,109.44,6,0.05769815183276725,0.4608107207339831,115.8,109.44
259,2012-10-29,0.040712173433588114,0.4694082593879494,109.44,0,0.056219440540054566,0.4599918777549667,109.44,107.73
260,2012-11-05,0.05340496519290538,0.4320527125055541,107.73,6,0.059002963259169226,0.4626099450536502,109.44,109.07
261,2012-11-12,0.05047772638619827,0.4580026010543671,109.07,5,0.06077766842223225,0.4626139772968739,107.73,111.7
262,2012-11-19,0.02032194815649433,0.4693266657766811,111.7,5,0.05475227708325396,0.4583838983839071,109.07,110.92
263,2012-11-26,0.08265625806689866,0.4546533523779958,110.92,6,0.05989157805746659,0.4606660434570053,111.7,110.92
264,2012-12-03,0.07299169022457863,0.4561596778586159,110.92,6,0.061754225797269975,0.4611857843043805,110.92,107.33
265,2012-12-10,0.06699616641005765,0.4651594206014668,107.33,6,0.061859188077370925,0.4631955294930173,110.92,107.64
266,2012-12-17,0.03915530776344755,0.4621240584862446,107.64,5,0.05690456203861029,0.4619029393787869,107.33,108.8
267,2012-12-24,0.05879677540614705,0.4763766108649173,108.8,5,0.05881759901250964,0.463248908166935,107.64,112.47
268,2013-01-07,0.053470520092976655,0.4986502840170622,112.47,6,0.053898353113329286,0.4641913642930853,108.8,111.4
269,2013-01-14,0.04689788701144812,0.4287245644346565,111.4,6,0.054516924471115294,0.4601229947977561,112.47,111.88
270,2013-01-21,0.06375580934917445,0.4534641500207912,111.88,6,0.0555520088867422,0.4622641385492797,111.4,111.71
271,2013-01-28,0.07317724668128707,0.4540099927442702,111.71,5,0.057821960916251074,0.46186487771827006,111.88,113.48
272,2013-02-04,0.024984481035222404,0.4632749429039868,113.48,5,0.05828821420412389,0.4612597054310005,111.71,115.6
273,2013-02-11,0.07576618409629214,0.4605123786714802,115.6,6,0.05759920680706322,0.461845608060349,113.48,118.13
274,2013-02-18,0.01773016164547218,0.4493915748223212,118.13,6,0.05207305394915258,0.4611687977567196,115.6,117.38
275,2013-02-25,0.041703595452858684,0.467094185680613,117.38,6,0.049543796853432666,0.4613622742646343,118.13,114.44
276,2013-03-04,0.03641234773698411,0.4635478498888622,114.44,5,0.04926950085078633,0.4615046534048961,117.38,110.09
277,2013-03-11,0.06889252300643081,0.4535577947759903,110.09,14,0.050279075610814704,0.4592227717960034,114.44,110.22
278,2013-03-18,0.029117197614328138,0.4265746206037146,110.22,5,0.047843743362949866,0.4520152054546687,110.09,109.51
279,2013-03-25,0.05198041080949745,0.4815502037300522,109.51,5,0.04835199574275478,0.4572977693842082,110.22,108.17
280,2013-04-01,0.07202425160563078,0.4595244440668929,108.17,6,0.04917883996840041,0.4579037987888184,109.51,111.08
281,2013-04-08,0.05311042347629903,0.4450400466969096,111.08,5,0.0471721576479016,0.4570068041840824,108.17,104.66
282,2013-04-15,0.023866494198539638,0.4649947679611868,104.66,6,0.04706035896423333,0.4571787866898023,111.08,100.39
283,2013-04-22,0.04433965806946318,0.4735855203449614,100.39,6,0.04391770636155043,0.4584861008571505,104.66,100.39
284,2013-04-29,0.05116413167423471,0.4792479082172362,100.39,0,0.04726110336442668,0.46147173419664206,100.39,103.81
285,2013-05-06,0.06880082844875272,0.4535185133780694,103.81,6,0.04997082666401608,0.4601141669663876,100.39,105.46
286,2013-05-13,0.06392083690563233,0.4272188245351081,105.46,6,0.052721675580880915,0.4564812644310122,103.81,102.82
287,2013-05-20,0.0546052862382051,0.4552968835853785,102.82,6,0.05129295190405834,0.4566551733119512,105.46,104.8
288,2013-05-27,0.08061993695175672,0.4751539571150002,104.8,6,0.05644322583780119,0.4615131069630797,102.82,102.62
289,2013-06-03,0.03998752773556551,0.4502515918662861,102.62,0,0.055243937530408,0.4583832457767032,104.8,102.06
290,2013-06-10,0.08751828160198127,0.44486114700809903,102.06,4,0.05679334053004305,0.4569169160708239,102.62,103.95
291,2013-06-17,0.07474791908604195,0.4536679592759135,103.95,6,0.058957090091017336,0.4577797073287242,102.06,105.47
292,2013-06-24,0.044857143376395715,0.4329952450123848,105.47,0,0.06105615500880295,0.4545797550338439,103.95,101.16
293,2013-07-01,0.05776497897819785,0.42952452999564056,101.16,6,0.06239868709967643,0.4501736559989119,105.47,103.0
294,2013-07-08,0.07132809893257819,0.4663068905615224,103.0,6,0.06441508382551077,0.4488795542333405,101.16,107.43
295,2013-07-15,0.04729839539496294,0.4500821952921421,107.43,6,0.06226484052013179,0.4485359224247477,103.0,109.09
296,2013-07-22,0.059187444417507014,0.4552591963990194,109.09,0,0.061791501271319264,0.4513399596111388,107.43,108.15
297,2013-07-29,0.07098965332338099,0.4595463085355413,108.15,5,0.06342993797983684,0.4517649021061551,109.09,107.45
298,2013-08-05,0.07136383229297745,0.455977159607539,107.45,0,0.06250432751395893,0.44984722235540897,108.15,108.7
299,2013-08-12,0.05383482218621905,0.455876087285135,108.7,4,0.06388905695902428,0.4504096718972938,107.45,108.97
300,2013-08-19,0.05550184880315966,0.4377292249445359,108.97,0,0.06068741367914213,0.4496964796909374,108.7,109.9
301,2013-08-26,0.0743158050452446,0.452955591194157,109.9,14,0.06064420227506239,0.4496252428827618,108.97,110.73
302,2013-09-02,0.02295190748208201,0.4483450188843364,110.73,5,0.058453678685631026,0.45116022026995706,109.9,114.33
303,2013-09-09,0.08900608237508907,0.4766357446535608,114.33,5,0.061577789025320136,0.45587134173574895,110.73,113.72
304,2013-09-16,0.06552738078115294,0.45217632134646996,113.72,5,0.060997717210177625,0.4544582848142437,114.33,110.07
305,2013-09-23,0.05822719446186692,0.4476547220612539,110.07,0,0.062090597116868027,0.45421553749115506,113.72,108.16
306,2013-09-30,0.05347429075685434,0.4681183017038663,108.16,0,0.06151928175080276,0.4555014480216396,110.07,108.37
307,2013-10-07,0.07611830727795567,0.4665957730005003,108.37,0,0.06203214714626022,0.4562063944681355,108.16,109.68
308,2013-10-14,0.048101029750381635,0.4520580779434321,109.68,6,0.059705866892000636,0.4558144863017247,108.37,111.04
309,2013-10-21,0.06190423450268034,0.4435135331625393,111.04,0,0.060512808123646775,0.4545782308894652,109.68,109.64
310,2013-10-28,0.07570718512818317,0.4661192010038202,109.64,0,0.06253334175614912,0.4574172284953936,111.04,109.61
311,2013-11-04,0.0737689024759362,0.4308585840076931,109.61,0,0.062478651499218274,0.4552075277767472,109.64,106.23
312,2013-11-11,0.08330468653579556,0.4654974674310843,106.23,0,0.06851392940458964,0.45692277263142206,109.61,106.4
313,2013-11-18,0.07695472724936013,0.47580402163503605,106.4,0,0.06730879389201674,0.4568396003295695,106.23,108.47
314,2013-11-25,0.09180425381212186,0.4719112981105706,108.47,6,0.06993648119511363,0.4588130980059796,106.4,111.0
315,2013-12-02,0.037122316865616,0.4759350471576448,111.0,7,0.06782599343548854,0.4616411305156186,108.47,111.45
316,2013-12-09,0.07951082192297139,0.46590425821538894,111.45,0,0.07042964655210024,0.4614197261667709,111.0,109.39
317,2013-12-16,0.07239860568567827,0.4784948802083524,109.39,6,0.0700576763928725,0.4626096368875561,111.45,110.47
318,2013-12-23,0.06392000877975522,0.4398415323749331,110.47,0,0.07163957429580986,0.4613879823307062,109.39,111.56
319,2013-12-30,0.0968037215722094,0.4620999014943752,111.56,0,0.07512952300276278,0.4632466191638898,110.47,107.78
320,2014-01-06,0.022017812619422587,0.4575839433176514,107.78,5,0.0697605857518867,0.4623930933952728,111.56,106.73
321,2014-01-13,0.05374598220234808,0.4323773013443095,106.73,6,0.06775829372452788,0.4625449651289344,107.78,106.75
322,2014-01-20,0.0607782722024297,0.4614532157354848,106.75,7,0.06550565229119129,0.4621405399593745,106.73,106.35
323,2014-01-27,0.0506111805376256,0.458768917369028,106.35,4,0.06287129762001784,0.4604370295327737,106.75,106.69
324,2014-02-03,0.01275682877924089,0.4765511238145505,106.69,4,0.054966555116729744,0.4609010121031717,106.35,106.04
325,2014-02-10,0.05645820464131442,0.4699549930697372,106.04,5,0.056900143894299586,0.4603030066943809,106.69,108.63
326,2014-02-17,0.032998505001536324,0.4629926111269314,108.63,0,0.052248912202156085,0.4600118419855351,106.04,109.18
327,2014-02-24,0.04993690810108705,0.4649295449933673,109.18,0,0.05000274244369697,0.4586553084640367,108.63,110.64
328,2014-03-03,0.0756498440389432,0.4604246753219915,110.64,0,0.05117572596961576,0.4607136227587426,109.18,111.2
329,2014-03-10,0.06693139743848613,0.4720639611346417,111.2,0,0.04818849355624343,0.4617100287227692,110.64,108.08
330,2014-03-17,0.04061181031663332,0.4388194547748028,108.08,0,0.0500478933259645,0.4598335798684844,111.2,106.24
331,2014-03-24,0.06453476154181231,0.4615646639781402,106.24,6,0.05112677125991092,0.4627523161318675,108.08,106.81
332,2014-03-31,0.06579497686779838,0.4672693601009403,106.81,0,0.05162844172644778,0.463333930568413,106.24,107.76
333,2014-04-07,0.07870766268386299,0.4479382999665815,107.76,0,0.05443808994107152,0.4622508688281683,106.81,105.82
334,2014-04-14,0.03910643953373419,0.4931735930034269,105.82,0,0.05707305101652085,0.4639131157470559,107.76,109.07
335,2014-04-21,0.056612791156658675,0.4697826114964769,109.07,0,0.05708850966805527,0.4638958775897299,105.82,109.95
336,2014-04-28,0.03477121842102774,0.4515301995312762,109.95,0,0.057265781010004416,0.4627496364301644,109.07,108.12
337,2014-05-05,0.047955458371327114,0.4354626586764396,108.12,0,0.05706763603702841,0.4598029477984717,109.95,107.72
338,2014-05-12,0.06269973123596025,0.4552159161523516,107.72,0,0.05577262475673013,0.4592820718815076,108.12,108.41
339,2014-05-19,0.06503034395131202,0.4402084706001,108.41,0,0.05558251940801272,0.4560965228280535,107.72,109.37
340,2014-05-26,0.059191446762251625,0.4494683635199099,109.37,0,0.05744048305257456,0.4571614137025641,108.41,110.32
341,2014-06-02,0.050640508497338414,0.4424145282975399,110.32,0,0.05605105774812715,0.4552464001345041,109.37,108.83
342,2014-06-09,0.05311183812130325,0.4559903467363829,108.83,0,0.05478274387347765,0.4541184987980483,110.32,109.99
343,2014-06-16,0.07738015586864276,0.4550217807041173,109.99,0,0.054649993191955626,0.45482684687180197,108.83,112.94
344,2014-06-23,0.04890472865888773,0.4376946308333954,112.94,0,0.05562982210447098,0.44927895065479895,109.99,114.12
345,2014-06-30,0.04295744001432265,0.4546602717713083,114.12,6,0.054264286990237366,0.4477667166822821,112.94,112.36
346,2014-07-07,0.045572836388211066,0.4479482917109507,112.36,0,0.05534444878695571,0.4474085259002496,114.12,110.24
347,2014-07-14,0.058895323892683864,0.4540849820742194,110.24,5,0.05643843533909139,0.4492707582400275,112.36,106.98
348,2014-07-21,0.04578215282586327,0.4598946171077774,106.98,0,0.05474667749808169,0.4497386283355701,110.24,107.68
349,2014-07-28,0.04603723441906614,0.4200925671050776,107.68,0,0.0528473665448571,0.4477270379860679,106.98,107.57
350,2014-08-04,0.038493578055644,0.4016582173603155,107.57,0,0.05077757967419634,0.4429460233701085,107.68,105.41
351,2014-08-11,0.07304849815038511,0.456956024549853,105.41,0,0.05301837863950102,0.4444001729953397,107.57,104.68
352,2014-08-18,0.07447082639360722,0.4585507212559006,104.68,0,0.05515427746673142,0.4446562104472915,105.41,101.6
353,2014-08-25,0.05583589801271406,0.4645315059340921,101.6,0,0.052999851681138535,0.4456071829702889,104.68,102.65
354,2014-09-01,0.06511716125871941,0.4537177631325482,102.65,6,0.0546210949411217,0.44720949620020417,101.6,102.79
355,2014-09-08,0.020081802040775486,0.4496815144256377,102.79,0,0.05233353114376699,0.4467116204656372,102.65,100.2
356,2014-09-15,0.045517554152488086,0.459649465173554,100.2,0,0.05232800292019468,0.44788173781189744,102.79,96.65
357,2014-09-22,0.05820918747552824,0.4521867013997376,96.65,0,0.05225938927847913,0.4476919097444493,100.2,96.97
358,2014-09-29,0.037190701475156906,0.4503064064953978,96.97,5,0.051400244143408484,0.4467330886832113,96.65,97.2
359,2014-10-06,0.03412379245445875,0.4563840283454789,97.2,5,0.05020889994694775,0.4503622348072514,96.97,92.79
360,2014-10-13,0.06450944587414374,0.4630343221999088,92.79,0,0.05281048672879772,0.4564998452912107,97.2,88.89
361,2014-10-20,0.03367004221036598,0.4620245972576066,88.89,6,0.048872641134795815,0.4570067025619861,92.79,85.4
362,2014-10-27,0.07292645811727906,0.4855802097042607,85.4,0,0.04871820430716299,0.4597096514068221,88.89,85.83
363,2014-11-03,0.07463715990571522,0.4694302650767774,85.83,0,0.050598330496463104,0.4601995273210907,85.4,84.78
364,2014-11-10,0.05216436680064679,0.460669896380785,84.78,0,0.049303051050655834,0.4608947406459144,85.83,82.34
365,2014-11-17,0.027486563914530728,0.4669706084937021,82.34,5,0.05004352723803136,0.4626236500527208,84.78,79.31
366,2014-11-24,0.043810371626364905,0.4545392713186093,79.31,6,0.049872808985419036,0.4621126306672263,82.34,79.68
367,2014-12-01,0.07065025210675786,0.4502174680091143,79.68,0,0.051116915448542,0.461915707328164,79.31,72.54
368,2014-12-08,0.042670733223842884,0.4587054036366043,72.54,0,0.051664918623410584,0.4627556070422846,79.68,66.19
369,2014-12-15,0.055065159098326974,0.4477588642167281,66.19,0,0.05375905528779742,0.4618930906294095,72.54,61.06
370,2014-12-22,0.0377986431062786,0.4593855704331303,61.06,0,0.0510879750110109,0.4615282154527317,66.19,60.11
371,2014-12-29,0.006774569907914831,0.4420031800404809,60.11,0,0.04839842778076578,0.4595260737310191,61.06,56.42
372,2015-01-05,0.08228172701698733,0.4595849499682452,56.42,0,0.04933395467073661,0.4569265477574175,60.11,53.11
373,2015-01-12,0.03362439555076956,0.4359895374399729,53.11,0,0.04523267823524205,0.453582474993737,56.42,47.43
374,2015-01-19,0.04970827652312467,0.4759465830321623,47.43,5,0.044987069207489835,0.4551101436588748,53.11,48.84
375,2015-01-26,0.029524953355695337,0.4536596066771485,48.84,5,0.045190908151606285,0.4537790434772194,47.43,48.16
376,2015-02-02,0.016976237576285424,0.4484259991787395,48.16,0,0.04250749474659834,0.4531677162632325,48.84,54.75
377,2015-02-09,0.056225076629121525,0.4614859911037854,54.75,7,0.041064977198834715,0.4542945685726996,48.16,58.34
378,2015-02-16,0.044965846394997816,0.4710271234235021,58.34,5,0.0412944885159502,0.4555267405513893,54.75,61.4
379,2015-02-23,0.0317763033279088,0.4464331436692965,61.4,0,0.038965602938908384,0.4553941684966462,58.34,58.9
380,2015-03-02,0.050618173404173,0.465591478519273,58.9,5,0.04024755596869782,0.4560147593052605,61.4,59.54
381,2015-03-09,0.05094428030022182,0.4405969549685579,59.54,5,0.04466452700792852,0.4558741367980682,58.9,58.53
382,2015-03-16,0.04847190600298359,0.4619539201527164,58.53,0,0.04128354490652815,0.4561110338165153,59.54,53.44
383,2015-03-23,0.01409459770946692,0.4578691343840201,53.44,7,0.03933056512239788,0.45829899351091996,58.53,55.92
384,2015-03-30,0.061771871180068924,0.4768031800533187,55.92,5,0.04053692458809231,0.4583846532130356,53.44,56.29
385,2015-04-06,0.053118935940442175,0.4565695489091725,56.29,0,0.042896322846567,0.458675647436238,55.92,58.12
386,2015-04-13,0.045050951424892224,0.4263716113928784,58.12,5,0.04570379423142768,0.4564702086576519,56.29,57.93
387,2015-04-20,0.06503588823292407,0.4379921696161338,57.93,5,0.04658487539180794,0.4541208265088867,58.12,63.45
388,2015-04-27,0.06003349501678094,0.4461611822328159,63.45,0,0.048091640253986254,0.4516342323898181,57.93,64.83
389,2015-05-04,0.04966257056305977,0.4836855638746413,64.83,0,0.049880266977501336,0.4553594744103526,63.45,66.45
390,2015-05-11,0.06068902823025313,0.4732312040069476,66.45,6,0.050887352460109364,0.4561234469591201,64.83,64.91
391,2015-05-18,0.05365250210723289,0.48397909188122207,64.91,0,0.05115817464081048,0.4604616606503865,66.45,66.27
392,2015-05-25,0.054379228955200455,0.4601908689455996,66.27,0,0.051748906936032166,0.4602853555296749,64.91,65.52
393,2015-06-01,0.032739469506421225,0.4323810149833907,65.52,0,0.05361339411572759,0.457736543589612,66.27,64.88
394,2015-06-08,0.049587765937437786,0.4603834238819889,64.88,6,0.05239498359146448,0.4560945679724791,65.52,62.69
395,2015-06-15,0.04727377930627327,0.4417745331053461,62.69,0,0.05181046792804759,0.4546150663920964,64.88,62.61
396,2015-06-22,0.042105692708742516,0.4325337043579274,62.61,5,0.05151594205643262,0.4552312756886013,62.69,63.34
397,2015-06-29,0.03697039889637602,0.43763735208216026,63.34,0,0.04870939312277781,0.4551957939352039,62.61,62.01
398,2015-07-06,0.03460186866789368,0.4662702590930514,62.01,0,0.046166230487889086,0.4572067016212276,63.34,56.54
399,2015-07-13,0.03473709508299494,0.4442617550644902,56.54,0,0.0446736829398826,0.4532643207402124,62.01,57.85
400,2015-07-20,0.028369121630021893,0.4550181667951792,57.85,0,0.041441692279859485,0.4514430170190356,56.54,56.65
401,2015-07-27,0.02734696713572347,0.4237056872625306,56.65,0,0.03881113878270855,0.4454156765571664,57.85,53.47
402,2015-08-03,0.04464062703484234,0.4380042352497195,53.47,7,0.03783727859067273,0.4431970131875784,56.65,49.52
403,2015-08-10,0.03923154258725152,0.4398023478660216,49.52,6,0.03848648589875577,0.44393914647584143,53.47,50.41
404,2015-08-17,0.01751573189116745,0.4423803029227096,50.41,0,0.035279282494128726,0.4421388343799135,49.52,48.74
405,2015-08-24,0.037576117968063164,0.4373159496638683,48.74,0,0.03430951636030772,0.44169297603576574,50.41,42.69
406,2015-08-31,0.010256830306629246,0.4351475141516359,42.69,5,0.031124630120096388,0.4419543570151365,48.74,54.15
407,2015-09-07,0.014150084671897009,0.4648721375517723,54.15,5,0.028842598697648488,0.4446778355620977,42.69,47.63
408,2015-09-14,0.07452523482171843,0.4567174918861766,47.63,5,0.032834935313030965,0.4437225588414102,54.15,46.37
409,2015-09-21,0.06774553361750912,0.4595105496473274,46.37,0,0.03613577916648238,0.4452474382996939,47.63,48.92
410,2015-09-28,0.029361326137303075,0.4733059735189107,48.92,0,0.0362349996172105,0.4470762189720671,46.37,47.34
411,2015-10-05,0.03744773546643579,0.4375457011787589,47.34,0,0.03724507645028173,0.4484602203636899,48.92,49.25
412,2015-10-12,0.04130522171808757,0.4246611396457072,49.25,0,0.036911535918606256,0.4471259108032887,47.34,49.86
413,2015-10-19,0.009445370486606463,0.4601122709487477,49.86,4,0.03393291870854175,0.4491569031115613,49.25,48.61
414,2015-10-26,0.042474823478066095,0.44441714786275016,48.61,0,0.03642882786723162,0.44936058760556535,49.86,47.54
415,2015-11-02,0.06087957010029307,0.4405430080664877,47.54,7,0.03875917308045461,0.4496832934458273,48.61,48.79
416,2015-11-09,0.04080996741963956,0.463487965430985,48.79,5,0.04181448679175564,0.4525173385737622,47.54,47.19
417,2015-11-16,0.03552522531109255,0.44337474376492997,47.19,4,0.0439520008556752,0.450367599195078,48.79,44.56
418,2015-11-23,0.049860402730681895,0.4668174587229394,44.56,0,0.04148551764657154,0.4513775958787543,47.19,44.83
419,2015-11-30,0.03710799924812298,0.4574836243761485,44.83,0,0.038421764209632926,0.4511749033516364,44.56,44.61
420,2015-12-07,0.026741668063904333,0.4689083663043858,44.61,0,0.03815979840229305,0.4507351426301839,44.83,40.73
421,2015-12-14,0.05038343684265453,0.462516912306546,40.73,0,0.03945336853991492,0.4532322637429626,44.61,37.92
422,2015-12-21,0.053207571127634766,0.4682633790978096,37.92,0,0.040643603480869636,0.4575924876881728,40.73,36.35
423,2015-12-28,0.07057965222240313,0.4645228209190783,36.35,6,0.046757031654449305,0.4580335426852059,37.92,36.62
424,2016-01-04,0.04398468039206588,0.4414390746203857,36.62,4,0.04690801734584928,0.4577357353609695,36.35,31.55
425,2016-01-11,0.0306650600631889,0.4606134146535984,31.55,0,0.04388656634213887,0.4597427760196805,36.62,28.55
426,2016-01-18,0.03146224156099858,0.450431403936021,28.55,7,0.04295179375627477,0.4584371198701841,31.55,30.5
427,2016-01-25,0.046611309405729766,0.4488458866467398,30.5,0,0.04406040216573849,0.458984234158365,28.55,34.24
428,2016-02-01,0.01647395159111249,0.4428860605125943,34.24,5,0.04072175705178156,0.4565910943373305,30.5,32.88
429,2016-02-08,0.059171869824552074,0.4386863495767329,32.88,0,0.042928144109424464,0.4547113668573889,34.24,33.39
430,2016-02-15,0.0446649337562777,0.4408842400344475,33.39,0,0.044720470678661806,0.4519089542303951,32.88,34.69
431,2016-02-22,0.031022934153640373,0.446332673607682,34.69,5,0.0427844204097604,0.4502905303605088,33.39,35.97
432,2016-02-29,0.036829899612658784,0.455207712501013,35.97,0,0.0411466532582628,0.4489849637008291,34.69,40.84
433,2016-03-07,0.03049104818909213,0.4549047681367463,40.84,0,0.0371377928549317,0.4480231584225959,35.97,39.53
434,2016-03-14,0.07236438072611852,0.4661257483989204,39.53,0,0.03997576288833697,0.4504918258004494,40.84,41.54
435,2016-03-21,0.0336559967116661,0.4242184359257427,41.54,0,0.04027485655318468,0.44685232792766383,39.53,40.27
436,2016-03-28,0.08811087960873401,0.43950251132740187,40.27,0,0.04593972035795822,0.445759438666802,41.54,37.69
437,2016-04-04,0.045446993448692304,0.4342449324304791,37.69,0,0.04582328876225448,0.444299343245176,40.27,42.83
438,2016-04-11,0.03355214078627829,0.4616639429994486,42.83,0,0.04753110768177106,0.44617713149386135,37.69,42.91
439,2016-04-18,0.0646649180296804,0.442871307058128,42.91,0,0.048080412502283884,0.4465956272420009,42.83,44.48
440,2016-04-25,0.017277785301291263,0.4286286236603,44.48,0,0.04534169765678525,0.4453700656045861,42.91,45.83
441,2016-05-02,0.026787281357987296,0.4123363489555044,45.83,0,0.044918132377219935,0.4419704331393684,44.48,43.63
442,2016-05-09,0.05887087716936139,0.4425885185904997,43.63,0,0.0471222301328902,0.4407085137483171,45.83,48.97
443,2016-05-16,0.04653579270989179,0.4721198904352674,48.97,0,0.04872670458497017,0.4424300259781692,43.63,48.35
444,2016-05-23,0.05066454010555935,0.4382909496014572,48.35,0,0.04655672052291425,0.4396465460984229,48.97,49.76
445,2016-05-30,0.054124120762959665,0.4726083975621464,49.76,0,0.04860353292804361,0.4444855422620632,48.35,50.55
446,2016-06-06,0.04647795929235582,0.4487776540438089,50.55,0,0.04444024089640579,0.445413056533704,49.76,50.35
447,2016-06-13,0.055074847615987466,0.4309394600143806,50.35,0,0.045403026313135315,0.4450825092920941,50.55,50.65
448,2016-06-20,0.0597776780046588,0.4328932728127752,50.65,5,0.04802558003497336,0.4422054422734267,50.35,47.16
449,2016-06-27,0.05059037908868917,0.4422307009333115,47.16,0,0.04661812614087425,0.4421413816609451,50.65,50.1
450,2016-07-04,0.054503626002963435,0.4633578125534917,50.1,0,0.05034071021104145,0.4456143005502643,47.16,46.25
451,2016-07-11,0.0391211008986502,0.44124300939134004,46.25,0,0.051574092165107735,0.4485049665938479,50.1,46.96
452,2016-07-18,0.04807968930093325,0.4302792312872338,46.96,0,0.05049497337826493,0.4472740378635212,46.25,44.72
453,2016-07-25,0.05859300750398905,0.4232139998834262,44.72,0,0.05170069485767465,0.4423834488083371,46.96,42.14
454,2016-08-01,0.05191601406903496,0.4229799415859104,42.14,0,0.05182584225402222,0.4408523480067824,44.72,45.39
455,2016-08-08,0.058406743956093826,0.4506743421633084,45.39,0,0.052254104573335625,0.4386589424668987,42.14,48.35
456,2016-08-15,0.040399888818364114,0.4524366438348098,48.35,0,0.051646297525936455,0.4390248414459988,45.39,49.16
457,2016-08-22,0.044606084581063306,0.4658332908862526,49.16,7,0.05059942122244404,0.442514224533186,48.35,49.26
458,2016-08-29,0.04035017139632998,0.4599499057303818,49.26,0,0.04865667056161116,0.4452198878249467,49.16,47.63
459,2016-09-05,0.050021809333731265,0.4668281200173384,47.63,0,0.04859981358611536,0.4476796297333494,49.26,48.32
460,2016-09-12,0.0435192666957016,0.4520566936356051,48.32,6,0.04750137765538918,0.4465495178415607,47.63,45.95
461,2016-09-19,0.04325189083032053,0.4532785488584095,45.95,0,0.04791445664855622,0.4477530717882677,48.32,47.35
462,2016-09-26,0.042955292832849566,0.4529583317062987,47.35,0,0.04740201700174785,0.4500209818301742,45.95,50.89
463,2016-10-03,0.05777724497374585,0.4685933555581166,50.89,0,0.04732044074872353,0.4545589173976432,47.35,53.14
464,2016-10-10,0.028869114286403225,0.4454665207230832,53.14,0,0.04501575077046036,0.4568075753113605,50.89,51.52
465,2016-10-17,0.039204963064707936,0.4440833045919221,51.52,0,0.04309557268132177,0.4561484715542218,53.14,51.46
466,2016-10-24,0.042680013954447975,0.45784903129668897,51.46,0,0.04332358519493016,0.4566897103004098,51.52,48.61
467,2016-10-31,0.055608402949038564,0.4535630400847545,48.61,5,0.04442381703172769,0.4554626852202599,51.46,46.15
468,2016-11-07,0.053008477841235316,0.4730838972443036,46.15,6,0.04568964767621822,0.4567760843716521,48.61,44.43
469,2016-11-14,0.04595136210385423,0.4578421704093298,44.43,0,0.04528260295323052,0.4558774894108512,46.15,48.9
470,2016-11-21,0.0398342702087488,0.4410438018782632,48.9,0,0.044914103304535234,0.454776200235117,44.43,48.24
471,2016-11-28,0.058044259098339386,0.4482018946959857,48.24,0,0.046393340131337134,0.4542685348188746,48.9,54.94
472,2016-12-05,0.042698469247321374,0.44464569611762217,54.94,7,0.0463676577727843,0.4534372712600069,48.24,55.69
473,2016-12-12,0.044104081867992966,0.4483140226604947,55.69,0,0.04500034146220902,0.4514093379702448,54.94,54.92
474,2016-12-19,0.048092271072976416,0.4768288154773207,54.92,0,0.04692265714086634,0.4545455674456685,55.69,56.09
475,2016-12-26,0.0896795405505448,0.4665704132516871,56.09,5,0.051970114889450025,0.4567942783116449,54.92,56.82
476,2017-01-02,0.03396314300412543,0.42881335508058377,56.82,0,0.05109842779441777,0.4538907106900344,56.09,54.94
477,2017-01-09,0.04157192561557427,0.4523818822339738,54.94,5,0.049694780061071336,0.4537725949049564,56.82,55.86
478,2017-01-16,0.0573873666792997,0.4687948414378982,55.86,5,0.05013266894487778,0.4533436893243158,54.94,55.23
479,2017-01-23,0.051875999763087405,0.4756897305837053,55.23,0,0.05072513271080111,0.4551284453417533,55.86,55.23
480,2017-01-30,0.07513224660443947,0.4736670261308098,55.23,0,0.054254930350370184,0.4583907677670081,55.23,55.72
481,2017-02-06,0.06484223731153814,0.4772979294758569,55.72,0,0.05493472817169005,0.4613003712449952,55.23,55.59
482,2017-02-13,0.051932828383644866,0.4567899386690315,55.59,0,0.0558581640853224,0.4625147955001362,55.72,56.18
483,2017-02-20,0.04022969607018853,0.4434993062512233,56.18,0,0.05547072550554196,0.462033323859209,55.59,55.93
484,2017-02-27,0.060419797215007336,0.4721257071296076,55.93,0,0.05670347811974505,0.4615630130244378,56.18,56.01
485,2017-03-06,0.0651853606047919,0.4400353302626798,56.01,0,0.05425406012516976,0.458909504725537,55.93,51.35
486,2017-03-13,0.025652926637696496,0.4652653635621413,51.35,5,0.053423038488526864,0.4625547055736929,56.01,51.62
487,2017-03-20,0.05909916604457105,0.4673726102716824,51.62,0,0.05517576253142655,0.4640537783774638,51.35,50.75
488,2017-03-27,0.04726427636809912,0.4575542965394851,50.75,0,0.054163453500306505,0.4629297238876225,51.62,53.12
489,2017-04-03,0.05828320103554002,0.47269983516742997,53.12,0,0.054804173627551765,0.4626307343459949,50.75,55.98
490,2017-04-10,0.04448313066317937,0.4546210255815298,55.98,0,0.051739262033425736,0.46072613429106707,53.12,55.36
491,2017-04-17,0.04046132305113925,0.4632302480242362,55.36,0,0.04930117060738585,0.4593193661459049,55.98,51.6
492,2017-04-24,0.06105189045057654,0.4632567603743791,51.6,0,0.05021307681407902,0.4599660483164396,55.36,51.52
493,2017-05-01,0.0701264763125712,0.4464303126713883,51.52,0,0.05320275483831728,0.4602591489584561,51.6,49.34
494,2017-05-08,0.05815435877669128,0.45668062130061,49.34,0,0.05297621099448567,0.4587146403755563,51.52,51.82
495,2017-05-15,0.07248000863995799,0.4642645728554517,51.82,0,0.05370567579800229,0.4611375646348336,49.34,53.87
496,2017-05-22,0.034956129393031284,0.4594453949482383,53.87,4,0.05463599607353577,0.4605555677734433,51.82,52.29
497,2017-05-29,0.06720919638199142,0.4355636325241275,52.29,6,0.0554469991072778,0.4573746699986878,53.87,49.47
498,2017-06-05,0.04654440455637529,0.4506984978495878,49.47,0,0.05537501192610541,0.456689090129698,52.29,48.29
499,2017-06-12,0.06749797196688075,0.4426607563628055,48.29,5,0.05629648901923949,0.4536851822492355,49.47,46.91
500,2017-06-19,0.06371724181303356,0.44730956656755627,46.91,0,0.05821990013422493,0.4529540363478382,48.29,45.83
501,2017-06-26,0.06884692744573262,0.43247073618964216,45.83,0,0.06105846057368426,0.4498780851643788,46.91,49.68
502,2017-07-03,0.06329681402737795,0.4720314862683877,49.68,0,0.0612829529313644,0.4507555577537796,45.83,46.88
503,2017-07-10,0.057728274817367725,0.4587650929889938,46.88,0,0.06004313278184405,0.4519890357855402,49.68,48.42
504,2017-07-17,0.04355595138462556,0.4605318751083433,48.42,0,0.05858329204263747,0.4523741611663136,46.88,48.6
505,2017-07-24,0.05062980790079565,0.4541445622036402,48.6,0,0.05639827196872125,0.4513621601011324,48.42,52.72
506,2017-07-31,0.04545259887697351,0.4577968678817954,52.72,0,0.057447918917115474,0.4511973073944881,48.6,52.37
507,2017-08-07,0.029626735503605624,0.4500468009972465,52.37,0,0.053689672829276884,0.4526456242418,52.72,50.73
508,2017-08-14,0.035231138660303224,0.4464693273593235,50.73,0,0.052558346239669686,0.4522227071927736,52.37,51.66
509,2017-08-21,0.05381159274257434,0.4539184086277276,51.66,0,0.051189708317239034,0.4533484724192658,50.73,51.89
510,2017-08-28,0.05585995389444445,0.4837657309431452,51.89,0,0.050403979525380116,0.4569940888568248,51.66,52.34
511,2017-09-04,0.07381168511987415,0.4805715206756022,52.34,5,0.050900455292794265,0.4618041673054208,51.89,53.84
512,2017-09-11,0.06037999937545969,0.4548323687487708,53.84,6,0.05060877382760244,0.4600842555534591,52.34,55.48
513,2017-09-18,0.04093682366041362,0.4312261630097901,55.48,5,0.048929628711907015,0.4573303625555387,53.84,59.02
514,2017-09-25,0.04704469633886119,0.4678995484566058,59.02,5,0.049278503207330585,0.4580671298903649,55.48,56.12
515,2017-10-02,0.07254258808617889,0.4639247669209576,56.12,5,0.05146978122586891,0.4590451503620966,59.02,55.79
516,2017-10-09,0.07159009705665913,0.4726064553449866,55.79,5,0.054083531043837466,0.4605261091084157,56.12,57.82
517,2017-10-16,0.062182108945664165,0.4814768276426497,57.82,5,0.05733906838804333,0.46366911177295606,55.79,57.37
518,2017-10-23,0.0682542328015028,0.4546203873243382,57.37,0,0.06064137780216328,0.4644842177694575,57.82,60.9
519,2017-10-30,0.062233030831837274,0.4665788616555054,60.9,0,0.06148352161108956,0.4657502630722353,57.37,64.27
520,2017-11-06,0.06721323711936072,0.4442065121706027,64.27,0,0.0626188499335812,0.4617943411949811,60.9,63.16
521,2017-11-13,0.06766241848782632,0.4582280432225004,63.16,0,0.062003923270376425,0.4595599934496709,64.27,62.22
522,2017-11-20,0.058577023700237076,0.4473793518040197,62.22,0,0.061823625702854164,0.4588146917551957,63.16,63.84
523,2017-11-27,0.06389006485421073,0.4520263748750502,63.84,5,0.06411894982223386,0.4608947129417217,62.22,62.45
524,2017-12-04,0.05387999827688954,0.466654809457122,62.45,0,0.0648024800160367,0.4607702390417733,63.84,64.69
525,2017-12-11,0.04177075139272205,0.4817499115344608,64.69,5,0.061725296346691015,0.4625527535031237,62.45,63.41
526,2017-12-18,0.07928626199751218,0.4874187237901794,63.41,0,0.06249491284077632,0.464033980347643,64.69,67.02
527,2017-12-25,0.021684699671280883,0.4571020426041884,67.02,0,0.058445171913337986,0.461596501843797,63.41,66.57
528,2018-01-01,0.05739069903574344,0.4517543589940243,66.57,0,0.057358818536762064,0.4613098990107655,67.02,67.78
529,2018-01-08,0.06452105442448597,0.4558248018345745,67.78,0,0.057587620896026925,0.4602344930286725,66.57,70.26
530,2018-01-15,0.03857486262545915,0.4762759718933551,70.26,0,0.05472378344663677,0.4634414390009477,67.78,69.03
531,2018-01-22,0.06937963025354525,0.4583483645829213,69.03,0,0.05489550462320867,0.4634534711369898,70.26,69.46
532,2018-01-29,0.057567345868208476,0.4697991441988706,69.46,0,0.054794536840005806,0.4656954503764749,69.03,67.62
533,2018-02-05,0.09244761515037664,0.4845783492770359,67.62,6,0.057650291869622415,0.4689506478166735,69.46,62.59
534,2018-02-12,0.07810087202029065,0.4567670046468725,62.59,0,0.060072379243962526,0.4679618673356485,67.62,65.67
535,2018-02-19,0.06490332527529485,0.4731893479641824,65.67,0,0.06238563663221981,0.4671058109786206,62.59,67.5
536,2018-02-26,0.06430368554903759,0.4740055714965965,67.5,0,0.060887378987372336,0.4657644957492623,65.67,65.54
537,2018-03-05,0.08343463017672803,0.4521258435166246,65.54,0,0.06706237203791708,0.4652668758405059,67.5,64.95
538,2018-03-12,0.06626104974620822,0.4565558220552459,64.95,0,0.06794940710896355,0.4657470221466281,65.54,66.05
539,2018-03-19,0.07128674617357825,0.4694688862478958,66.05,0,0.06862597628387276,0.4671114305879602,64.95,70.12
540,2018-03-26,0.06799448716831348,0.4497468026645609,70.12,0,0.0715679387381582,0.4644585136650807,66.05,67.64
541,2018-04-02,0.05795437482160935,0.480991916258685,67.64,0,0.07042541319496462,0.4667228688326571,70.12,68.65
542,2018-04-09,0.05219566216695439,0.4705659426337777,68.65,0,0.06988824482483921,0.4667995486761479,67.64,71.42
543,2018-04-16,0.0739353989783194,0.4821038093227264,71.42,0,0.06803702320763348,0.466552094680717,68.65,74.71
544,2018-04-23,0.08497105263550114,0.4746377945568294,74.71,6,0.06872404126915453,0.4683391736717127,71.42,74.69
545,2018-04-30,0.0701110732558827,0.4811782217014638,74.69,6,0.0692448160672133,0.4691380610454409,74.71,76.17
546,2018-05-07,0.07892038608148289,0.4712303118556712,76.17,0,0.07070648612045785,0.4688605350813483,74.69,78.23
547,2018-05-14,0.06404157745747112,0.4676630498176101,78.23,0,0.06876718084853213,0.4704142557114469,76.17,79.22
548,2018-05-21,0.04686673955368048,0.4926672163157104,79.22,0,0.06682774982927937,0.4740253951374934,78.23,
